{"cameraMode":{"drawMode":0,"name":"Shaded","section":"Shading Mode"},"sceneLighting":false,"audioPlay":false,"sceneViewState":{"m_AlwaysRefresh":false,"showFog":true,"showSkybox":false,"showFlares":true,"showImageEffects":true,"showParticleSystems":true,"showVisualEffectGraphs":true,"m_FxEnabled":true},"in2DMode":false,"pivot":{"x":2.7861180305480959,"y":0.002569913864135742,"z":0.031583309173583987},"rotation":{"x":0.011998741887509823,"y":0.4582764506340027,"z":-0.00618685781955719,"w":0.888705313205719},"size":6.251554489135742,"orthographic":true}