{"cameraMode":{"drawMode":0,"name":"Shaded","section":"Shading Mode"},"sceneLighting":false,"audioPlay":false,"sceneViewState":{"m_AlwaysRefresh":false,"showFog":true,"showSkybox":false,"showFlares":true,"showImageEffects":true,"showParticleSystems":true,"showVisualEffectGraphs":true,"m_FxEnabled":true},"in2DMode":false,"pivot":{"x":-2.7578208446502687,"y":78.97334289550781,"z":-0.1856028139591217},"rotation":{"x":-0.020963087677955629,"y":0.05576058477163315,"z":-0.0011836562771350146,"w":-0.9982110261917114},"size":0.6217444539070129,"orthographic":true}