{"cameraMode":{"drawMode":0,"name":"Shaded","section":"Shading Mode"},"sceneLighting":false,"audioPlay":false,"sceneViewState":{"m_AlwaysRefresh":false,"showFog":true,"showSkybox":false,"showFlares":true,"showImageEffects":true,"showParticleSystems":true,"showVisualEffectGraphs":true,"m_FxEnabled":true},"in2DMode":false,"pivot":{"x":-0.08139276504516602,"y":0.0562518835067749,"z":0.008999824523925782},"rotation":{"x":-0.014990009367465973,"y":-0.9456844329833984,"z":-0.0439995639026165,"w":0.3217015862464905},"size":6.7584004402160648,"orthographic":true}